,mat_comp_h11,proj_spc_h11,eng_feat_h11,combined_h11,mat_comp_h21,proj_spc_h21,eng_feat_h21,combined_h21
alpha,0.01,0.010340016434251914,0.09630508382755447,0.01,0.010340016434251914,0.6016307829589929,0.010340016434251914,0.010340016434251914
fit_intercept,0.0,1.0,0.0,0.0,1.0,1.0,1.0,1.0
l1_ratio,0.0,0.7412827443680273,0.0,1.0,0.7412827443680273,0.10485915855270359,0.7412827443680273,0.7412827443680273
normalize,0.0,0.0,0.0,0.0,0.0,0.0,0.0,0.0
