,mat_comp,proj_spc,eng_feat,combined
h11,0.49363867684478374,0.6323155216284987,0.6412213740458015,0.638676844783715
h21,0.08524173027989822,0.039440203562340966,0.16793893129770993,0.17557251908396945
