,mat_comp,proj_spc,eng_feat,combined
h11,0.49363867684478374,0.6323155216284987,0.6234096692111959,0.5699745547073791
h21,0.089058524173028,0.10178117048346055,0.18447837150127228,0.2099236641221374
