,mat_comp_h11,proj_spc_h11,eng_feat_h11,combined_h11,mat_comp_h21,proj_spc_h21,eng_feat_h21,combined_h21
alpha,0.01,2.9397976202716882,0.04168396171105293,0.0679439235985178,0.01,22.364202820542708,0.010340016434251914,0.010340016434251914
l1_ratio,0.0,0.7753643788278826,0.9712228301387785,0.9451478108164376,1.0,0.8833152773808622,0.8178300196637516,0.8178300196637516
