,mat_comp,proj_spc,eng_feat,combined
h11,0.6870229007633588,0.2544529262086514,0.38040712468193383,0.5916030534351145
h21,0.18193384223918574,0.12595419847328243,0.33078880407124683,0.27608142493638677
