,mat_comp,proj_spc,eng_feat,combined
h11,0.9427480916030534,0.9961832061068703,0.9885496183206107,0.9720101781170484
h21,0.11704834605597965,0.03689567430025445,0.1692111959287532,0.1895674300254453
