,mat_comp,proj_spc,eng_feat,combined
h11,0.5852417302798982,0.6323155216284987,0.5343511450381679,0.6246819338422391
h21,0.12849872773536897,0.10305343511450382,0.20610687022900764,0.1895674300254453
