,mat_comp_h11,proj_spc_h11,eng_feat_h11,combined_h11,mat_comp_h21,proj_spc_h21,eng_feat_h21,combined_h21
alpha,0.0001,0.04666540870368648,0.05614391149319074,0.0439427464841671,0.00010051859886767674,2.5361101250718456,0.001084206215049167,0.00010514335809941063
fit_intercept,0.0,1.0,0.0,0.0,1.0,1.0,1.0,1.0
normalize,0.0,0.0,0.0,0.0,1.0,0.0,0.0,1.0
