,mat_comp,proj_spc,eng_feat,combined
h11,0.5114503816793893,0.6323155216284987,0.6323155216284987,0.6094147582697201
h21,0.13486005089058525,0.12340966921119594,0.18702290076335878,0.21374045801526717
