,mat_comp_h11,proj_spc_h11,eng_feat_h11,combined_h11,mat_comp_h21,proj_spc_h21,eng_feat_h21,combined_h21
alpha,0.01,2.9397976202716882,0.059591181886477364,0.11373274424183424,0.01,15.783879853890564,0.010340016434251914,0.010340016434251914
