,mat_comp,proj_spc,eng_feat,combined
h11,0.46055979643765904,0.6323155216284987,0.6323155216284987,0.638676844783715
h21,0.08524173027989822,0.035623409669211195,0.17938931297709923,0.17048346055979643
