,mat_comp_h11,proj_spc_h11,eng_feat_h11,combined_h11,mat_comp_h21,proj_spc_h21,eng_feat_h21,combined_h21
alpha,2.5361101250718456,99.16568462058743,100.0,100.0,2.5361101250718456,100.0,2.5361101250718456,3.6677461658847403
fit_intercept,1.0,1.0,0.0,0.0,1.0,1.0,1.0,1.0
