,mat_comp,proj_spc,eng_feat,combined
h11,0.5050890585241731,0.6323155216284987,0.5572519083969466,0.5458015267175572
h21,0.10559796437659033,0.0916030534351145,0.18702290076335878,0.18447837150127228
