,mat_comp_h11,proj_spc_h11,eng_feat_h11,combined_h11,mat_comp_h21,proj_spc_h21,eng_feat_h21,combined_h21
alpha,0.028881766539144718,0.028881766539144718,0.028881766539144718,100.0,0.028881766539144718,0.028881766539144718,2.5361101250718456,6.27076678988192
fit_intercept,1.0,1.0,1.0,0.0,1.0,1.0,1.0,0.0
normalize,1.0,1.0,1.0,1.0,1.0,1.0,0.0,1.0
