,mat_comp,proj_spc,eng_feat,combined
h11,0.5089058524173028,0.6323155216284987,0.5559796437659033,0.5458015267175572
h21,0.12213740458015267,0.0916030534351145,0.18702290076335878,0.20865139949109415
