,mat_comp,proj_spc,eng_feat,combined
h11,0.30661577608142493,0.31679389312977096,0.33969465648854963,0.5559796437659033
h21,0.09541984732824428,0.12595419847328243,0.1946564885496183,0.1921119592875318
