,mat_comp,proj_spc,eng_feat,combined
h11,0.6921119592875318,0.6323155216284987,0.6806615776081425,0.7201017811704835
h21,0.2099236641221374,0.12849872773536897,0.33587786259541985,0.37404580152671757
