,mat_comp_h11,proj_spc_h11,eng_feat_h11,combined_h11,mat_comp_h21,proj_spc_h21,eng_feat_h21,combined_h21
C,1000.0,273.64528220782455,801.1619570246883,1.0,19.781084555793957,1.2260035171732533,186.12634752213174,24.901679256929143
epsilon,0.01,0.04869521028037488,0.04950978841613168,0.016632870331433985,0.04434784556554937,0.038878748431732384,0.11216590731502168,0.01
gamma,0.01,9.777670269847542,0.012555027596725683,0.030167765274486533,0.07095120528075269,0.010525336336896566,0.01,0.01
