,mat_comp,proj_spc,eng_feat,combined
h11,0.5127226463104325,0.6323155216284987,0.5241730279898219,0.5292620865139949
h21,0.12340966921119594,0.0916030534351145,0.18575063613231552,0.21119592875318066
